LOT_ID,Model,Machine,Parameter,Value,LCL,UCL,Violation
LOT000002,MODEL_C,PRESS_01,Yield,0.0,85.0,,Below LCL
LOT000005,MODEL_B,PRESS_03,Yield,0.0,85.0,,Below LCL
LOT000011,MODEL_B,PRESS_03,Yield,0.0,85.0,,Below LCL
LOT000030,MODEL_B,PRESS_01,Yield,0.0,85.0,,Below LCL
LOT000037,MODEL_C,PRESS_03,Yield,0.0,85.0,,Below LCL
LOT000044,MODEL_B,PRESS_02,Yield,0.0,85.0,,Below LCL
LOT000045,MODEL_A,PRESS_03,Yield,0.0,85.0,,Below LCL
LOT000057,MODEL_B,PRESS_03,Yield,0.0,85.0,,Below LCL
LOT000061,MODEL_C,PRESS_02,Yield,0.0,85.0,,Below LCL
LOT000069,MODEL_A,PRESS_01,Yield,0.0,85.0,,Below LCL
LOT000072,MODEL_A,PRESS_02,Yield,0.0,85.0,,Below LCL
LOT000075,MODEL_C,PRESS_01,Yield,0.0,85.0,,Below LCL
LOT000079,MODEL_B,PRESS_03,Yield,0.0,85.0,,Below LCL
LOT000083,MODEL_A,PRESS_01,Yield,0.0,85.0,,Below LCL
LOT000089,MODEL_C,PRESS_01,Yield,0.0,85.0,,Below LCL
LOT000090,MODEL_C,PRESS_02,Yield,0.0,85.0,,Below LCL
LOT000098,MODEL_C,PRESS_01,Yield,0.0,85.0,,Below LCL
LOT000104,MODEL_A,PRESS_02,Yield,0.0,85.0,,Below LCL
LOT000106,MODEL_C,PRESS_02,Yield,0.0,85.0,,Below LCL
LOT000107,MODEL_C,PRESS_03,Yield,0.0,85.0,,Below LCL
LOT000109,MODEL_B,PRESS_01,Yield,0.0,85.0,,Below LCL
LOT000117,MODEL_A,PRESS_01,Yield,0.0,85.0,,Below LCL
LOT000121,MODEL_B,PRESS_03,Yield,0.0,85.0,,Below LCL
LOT000127,MODEL_A,PRESS_01,Yield,0.0,85.0,,Below LCL
LOT000146,MODEL_C,PRESS_03,Yield,0.0,85.0,,Below LCL
LOT000169,MODEL_B,PRESS_02,Yield,0.0,85.0,,Below LCL
LOT000175,MODEL_C,PRESS_01,Yield,0.0,85.0,,Below LCL
LOT000184,MODEL_C,PRESS_03,Yield,0.0,85.0,,Below LCL
LOT000189,MODEL_A,PRESS_03,Yield,0.0,85.0,,Below LCL
LOT000202,MODEL_C,PRESS_02,Yield,0.0,85.0,,Below LCL
LOT000214,MODEL_B,PRESS_02,Yield,0.0,85.0,,Below LCL
LOT000225,MODEL_C,PRESS_02,Yield,0.0,85.0,,Below LCL
LOT000232,MODEL_C,PRESS_02,Yield,0.0,85.0,,Below LCL
LOT000236,MODEL_C,PRESS_03,Yield,0.0,85.0,,Below LCL
LOT000242,MODEL_B,PRESS_03,Yield,0.0,85.0,,Below LCL
LOT000244,MODEL_B,PRESS_03,Yield,0.0,85.0,,Below LCL
LOT000255,MODEL_B,PRESS_02,Yield,0.0,85.0,,Below LCL
LOT000258,MODEL_A,PRESS_01,Yield,0.0,85.0,,Below LCL
LOT000268,MODEL_B,PRESS_02,Yield,0.0,85.0,,Below LCL
LOT000269,MODEL_B,PRESS_03,Yield,0.0,85.0,,Below LCL
LOT000277,MODEL_B,PRESS_01,Yield,0.0,85.0,,Below LCL
LOT000280,MODEL_A,PRESS_01,Yield,0.0,85.0,,Below LCL
LOT000283,MODEL_C,PRESS_03,Yield,0.0,85.0,,Below LCL
LOT000287,MODEL_A,PRESS_01,Yield,0.0,85.0,,Below LCL
LOT000312,MODEL_C,PRESS_03,Yield,0.0,85.0,,Below LCL
LOT000316,MODEL_B,PRESS_02,Yield,0.0,85.0,,Below LCL
LOT000319,MODEL_C,PRESS_03,Yield,0.0,85.0,,Below LCL
LOT000322,MODEL_A,PRESS_03,Yield,0.0,85.0,,Below LCL
LOT000325,MODEL_C,PRESS_03,Yield,0.0,85.0,,Below LCL
LOT000326,MODEL_A,PRESS_02,Yield,0.0,85.0,,Below LCL
LOT000333,MODEL_A,PRESS_02,Yield,0.0,85.0,,Below LCL
LOT000353,MODEL_A,PRESS_01,Yield,0.0,85.0,,Below LCL
LOT000381,MODEL_A,PRESS_01,Yield,0.0,85.0,,Below LCL
LOT000397,MODEL_A,PRESS_03,Yield,0.0,85.0,,Below LCL
LOT000403,MODEL_A,PRESS_03,Yield,0.0,85.0,,Below LCL
LOT000416,MODEL_C,PRESS_01,Yield,0.0,85.0,,Below LCL
LOT000435,MODEL_B,PRESS_02,Yield,0.0,85.0,,Below LCL
LOT000436,MODEL_A,PRESS_03,Yield,0.0,85.0,,Below LCL
LOT000440,MODEL_B,PRESS_02,Yield,0.0,85.0,,Below LCL
LOT000452,MODEL_C,PRESS_03,Yield,0.0,85.0,,Below LCL
LOT000455,MODEL_B,PRESS_01,Yield,0.0,85.0,,Below LCL
LOT000470,MODEL_C,PRESS_01,Yield,0.0,85.0,,Below LCL
LOT000486,MODEL_A,PRESS_01,Yield,0.0,85.0,,Below LCL
LOT000495,MODEL_A,PRESS_03,Yield,0.0,85.0,,Below LCL
LOT000511,MODEL_C,PRESS_02,Yield,0.0,85.0,,Below LCL
LOT000517,MODEL_C,PRESS_02,Yield,0.0,85.0,,Below LCL
LOT000524,MODEL_C,PRESS_03,Yield,0.0,85.0,,Below LCL
LOT000536,MODEL_A,PRESS_03,Yield,0.0,85.0,,Below LCL
LOT000560,MODEL_C,PRESS_01,Yield,0.0,85.0,,Below LCL
LOT000570,MODEL_B,PRESS_01,Yield,0.0,85.0,,Below LCL
LOT000576,MODEL_B,PRESS_02,Yield,0.0,85.0,,Below LCL
LOT000577,MODEL_C,PRESS_02,Yield,0.0,85.0,,Below LCL
LOT000580,MODEL_A,PRESS_02,Yield,0.0,85.0,,Below LCL
LOT000582,MODEL_C,PRESS_03,Yield,0.0,85.0,,Below LCL
LOT000583,MODEL_A,PRESS_03,Yield,0.0,85.0,,Below LCL
LOT000584,MODEL_A,PRESS_01,Yield,0.0,85.0,,Below LCL
LOT000587,MODEL_C,PRESS_01,Yield,0.0,85.0,,Below LCL
LOT000606,MODEL_B,PRESS_01,Yield,0.0,85.0,,Below LCL
LOT000611,MODEL_C,PRESS_01,Yield,0.0,85.0,,Below LCL
LOT000613,MODEL_C,PRESS_02,Yield,0.0,85.0,,Below LCL
LOT000619,MODEL_A,PRESS_03,Yield,0.0,85.0,,Below LCL
LOT000621,MODEL_B,PRESS_01,Yield,0.0,85.0,,Below LCL
LOT000627,MODEL_B,PRESS_02,Yield,0.0,85.0,,Below LCL
LOT000628,MODEL_B,PRESS_01,Yield,0.0,85.0,,Below LCL
LOT000629,MODEL_B,PRESS_02,Yield,0.0,85.0,,Below LCL
LOT000639,MODEL_C,PRESS_01,Yield,0.0,85.0,,Below LCL
LOT000656,MODEL_B,PRESS_01,Yield,0.0,85.0,,Below LCL
LOT000658,MODEL_B,PRESS_03,Yield,0.0,85.0,,Below LCL
LOT000672,MODEL_B,PRESS_02,Yield,0.0,85.0,,Below LCL
LOT000699,MODEL_A,PRESS_03,Yield,0.0,85.0,,Below LCL
LOT000708,MODEL_B,PRESS_01,Yield,0.0,85.0,,Below LCL
LOT000715,MODEL_C,PRESS_03,Yield,0.0,85.0,,Below LCL
LOT000726,MODEL_A,PRESS_01,Yield,0.0,85.0,,Below LCL
LOT000732,MODEL_B,PRESS_01,Yield,0.0,85.0,,Below LCL
LOT000740,MODEL_C,PRESS_01,Yield,0.0,85.0,,Below LCL
LOT000744,MODEL_A,PRESS_02,Yield,0.0,85.0,,Below LCL
LOT000750,MODEL_A,PRESS_01,Yield,0.0,85.0,,Below LCL
LOT000759,MODEL_A,PRESS_02,Yield,0.0,85.0,,Below LCL
LOT000763,MODEL_C,PRESS_01,Yield,0.0,85.0,,Below LCL
LOT000770,MODEL_B,PRESS_02,Yield,0.0,85.0,,Below LCL
LOT000792,MODEL_B,PRESS_01,Yield,0.0,85.0,,Below LCL
LOT000793,MODEL_C,PRESS_02,Yield,0.0,85.0,,Below LCL
LOT000798,MODEL_B,PRESS_02,Yield,0.0,85.0,,Below LCL
LOT000804,MODEL_C,PRESS_03,Yield,0.0,85.0,,Below LCL
LOT000820,MODEL_C,PRESS_02,Yield,0.0,85.0,,Below LCL
LOT000848,MODEL_A,PRESS_03,Yield,0.0,85.0,,Below LCL
LOT000854,MODEL_A,PRESS_03,Yield,0.0,85.0,,Below LCL
LOT000862,MODEL_C,PRESS_02,Yield,0.0,85.0,,Below LCL
LOT000865,MODEL_C,PRESS_03,Yield,0.0,85.0,,Below LCL
LOT000873,MODEL_A,PRESS_03,Yield,0.0,85.0,,Below LCL
LOT000884,MODEL_A,PRESS_01,Yield,0.0,85.0,,Below LCL
LOT000889,MODEL_A,PRESS_02,Yield,0.0,85.0,,Below LCL
LOT000890,MODEL_A,PRESS_01,Yield,0.0,85.0,,Below LCL
LOT000912,MODEL_A,PRESS_02,Yield,0.0,85.0,,Below LCL
LOT000913,MODEL_B,PRESS_03,Yield,0.0,85.0,,Below LCL
LOT000916,MODEL_B,PRESS_01,Yield,0.0,85.0,,Below LCL
LOT000945,MODEL_A,PRESS_01,Yield,0.0,85.0,,Below LCL
LOT000951,MODEL_A,PRESS_02,Yield,0.0,85.0,,Below LCL
LOT000952,MODEL_A,PRESS_03,Yield,0.0,85.0,,Below LCL
LOT000957,MODEL_B,PRESS_01,Yield,0.0,85.0,,Below LCL
LOT000968,MODEL_A,PRESS_02,Yield,0.0,85.0,,Below LCL
LOT000975,MODEL_A,PRESS_03,Yield,0.0,85.0,,Below LCL
LOT000984,MODEL_B,PRESS_03,Yield,0.0,85.0,,Below LCL
LOT000987,MODEL_B,PRESS_03,Yield,0.0,85.0,,Below LCL
LOT000988,MODEL_A,PRESS_02,Yield,0.0,85.0,,Below LCL
LOT001005,MODEL_A,PRESS_02,Yield,0.0,85.0,,Below LCL
LOT001018,MODEL_B,PRESS_01,Yield,0.0,85.0,,Below LCL
LOT001025,MODEL_C,PRESS_02,Yield,0.0,85.0,,Below LCL
LOT001033,MODEL_C,PRESS_03,Yield,0.0,85.0,,Below LCL
LOT001034,MODEL_A,PRESS_03,Yield,0.0,85.0,,Below LCL
LOT001049,MODEL_C,PRESS_01,Yield,0.0,85.0,,Below LCL
LOT001058,MODEL_C,PRESS_02,Yield,0.0,85.0,,Below LCL
LOT001062,MODEL_C,PRESS_03,Yield,0.0,85.0,,Below LCL
LOT001065,MODEL_C,PRESS_02,Yield,0.0,85.0,,Below LCL
LOT001072,MODEL_A,PRESS_03,Yield,0.0,85.0,,Below LCL
LOT001074,MODEL_B,PRESS_02,Yield,0.0,85.0,,Below LCL
LOT001078,MODEL_A,PRESS_01,Yield,0.0,85.0,,Below LCL
LOT001079,MODEL_B,PRESS_02,Yield,0.0,85.0,,Below LCL
LOT001081,MODEL_C,PRESS_03,Yield,0.0,85.0,,Below LCL
LOT001093,MODEL_C,PRESS_01,Yield,0.0,85.0,,Below LCL
LOT001101,MODEL_B,PRESS_01,Yield,0.0,85.0,,Below LCL
LOT001103,MODEL_C,PRESS_02,Yield,0.0,85.0,,Below LCL
LOT001105,MODEL_A,PRESS_03,Yield,0.0,85.0,,Below LCL
LOT001111,MODEL_B,PRESS_03,Yield,0.0,85.0,,Below LCL
LOT001112,MODEL_A,PRESS_02,Yield,0.0,85.0,,Below LCL
LOT001115,MODEL_A,PRESS_01,Yield,0.0,85.0,,Below LCL
LOT001120,MODEL_B,PRESS_01,Yield,0.0,85.0,,Below LCL
LOT001123,MODEL_A,PRESS_03,Yield,0.0,85.0,,Below LCL
LOT001132,MODEL_C,PRESS_02,Yield,0.0,85.0,,Below LCL
LOT001133,MODEL_C,PRESS_03,Yield,0.0,85.0,,Below LCL
LOT001137,MODEL_C,PRESS_01,Yield,0.0,85.0,,Below LCL
LOT001146,MODEL_B,PRESS_03,Yield,0.0,85.0,,Below LCL
LOT001149,MODEL_C,PRESS_01,Yield,0.0,85.0,,Below LCL
LOT001158,MODEL_C,PRESS_02,Yield,0.0,85.0,,Below LCL
LOT001167,MODEL_A,PRESS_01,Yield,0.0,85.0,,Below LCL
LOT001176,MODEL_B,PRESS_02,Yield,0.0,85.0,,Below LCL
LOT001185,MODEL_B,PRESS_01,Yield,0.0,85.0,,Below LCL
LOT001191,MODEL_B,PRESS_03,Yield,0.0,85.0,,Below LCL
LOT001198,MODEL_C,PRESS_01,Yield,0.0,85.0,,Below LCL
LOT001199,MODEL_C,PRESS_01,Yield,0.0,85.0,,Below LCL
LOT001209,MODEL_A,PRESS_01,Yield,0.0,85.0,,Below LCL
LOT001219,MODEL_C,PRESS_01,Yield,0.0,85.0,,Below LCL
LOT001245,MODEL_C,PRESS_03,Yield,0.0,85.0,,Below LCL
LOT001253,MODEL_A,PRESS_01,Yield,0.0,85.0,,Below LCL
LOT001265,MODEL_A,PRESS_02,Yield,0.0,85.0,,Below LCL
LOT001267,MODEL_A,PRESS_03,Yield,0.0,85.0,,Below LCL
LOT001270,MODEL_A,PRESS_03,Yield,0.0,85.0,,Below LCL
LOT001274,MODEL_C,PRESS_03,Yield,0.0,85.0,,Below LCL
LOT001279,MODEL_A,PRESS_01,Yield,0.0,85.0,,Below LCL
LOT001280,MODEL_C,PRESS_02,Yield,0.0,85.0,,Below LCL
LOT001296,MODEL_B,PRESS_03,Yield,0.0,85.0,,Below LCL
LOT001299,MODEL_B,PRESS_01,Yield,0.0,85.0,,Below LCL
LOT001306,MODEL_C,PRESS_02,Yield,0.0,85.0,,Below LCL
LOT001308,MODEL_A,PRESS_01,Yield,0.0,85.0,,Below LCL
LOT001321,MODEL_A,PRESS_03,Yield,0.0,85.0,,Below LCL
LOT001332,MODEL_C,PRESS_03,Yield,0.0,85.0,,Below LCL
LOT001335,MODEL_B,PRESS_01,Yield,0.0,85.0,,Below LCL
LOT001337,MODEL_B,PRESS_02,Yield,0.0,85.0,,Below LCL
LOT001339,MODEL_C,PRESS_03,Yield,0.0,85.0,,Below LCL
LOT001345,MODEL_A,PRESS_01,Yield,0.0,85.0,,Below LCL
LOT001347,MODEL_C,PRESS_02,Yield,0.0,85.0,,Below LCL
LOT001372,MODEL_B,PRESS_01,Yield,0.0,85.0,,Below LCL
LOT001378,MODEL_C,PRESS_01,Yield,0.0,85.0,,Below LCL
LOT001382,MODEL_A,PRESS_01,Yield,0.0,85.0,,Below LCL
LOT001385,MODEL_B,PRESS_01,Yield,0.0,85.0,,Below LCL
LOT001393,MODEL_C,PRESS_01,Yield,0.0,85.0,,Below LCL
LOT001398,MODEL_B,PRESS_01,Yield,0.0,85.0,,Below LCL
LOT001406,MODEL_A,PRESS_03,Yield,0.0,85.0,,Below LCL
LOT001421,MODEL_C,PRESS_02,Yield,0.0,85.0,,Below LCL
LOT001428,MODEL_C,PRESS_02,Yield,0.0,85.0,,Below LCL
LOT001438,MODEL_B,PRESS_01,Yield,0.0,85.0,,Below LCL
LOT001439,MODEL_A,PRESS_01,Yield,0.0,85.0,,Below LCL
LOT001440,MODEL_C,PRESS_01,Yield,0.0,85.0,,Below LCL
LOT001444,MODEL_B,PRESS_03,Yield,0.0,85.0,,Below LCL
LOT001456,MODEL_A,PRESS_01,Yield,0.0,85.0,,Below LCL
LOT001457,MODEL_C,PRESS_01,Yield,0.0,85.0,,Below LCL
LOT001468,MODEL_B,PRESS_01,Yield,0.0,85.0,,Below LCL
LOT001481,MODEL_A,PRESS_02,Yield,0.0,85.0,,Below LCL
LOT001483,MODEL_A,PRESS_03,Yield,0.0,85.0,,Below LCL
LOT001490,MODEL_B,PRESS_01,Yield,0.0,85.0,,Below LCL
LOT001495,MODEL_B,PRESS_01,Yield,0.0,85.0,,Below LCL
LOT001497,MODEL_B,PRESS_02,Yield,0.0,85.0,,Below LCL
LOT001509,MODEL_C,PRESS_03,Yield,0.0,85.0,,Below LCL
LOT001520,MODEL_B,PRESS_01,Yield,0.0,85.0,,Below LCL
LOT001531,MODEL_A,PRESS_01,Yield,0.0,85.0,,Below LCL
LOT001542,MODEL_A,PRESS_03,Yield,0.0,85.0,,Below LCL
LOT001554,MODEL_B,PRESS_02,Yield,0.0,85.0,,Below LCL
LOT001555,MODEL_B,PRESS_02,Yield,0.0,85.0,,Below LCL
LOT001564,MODEL_C,PRESS_01,Yield,0.0,85.0,,Below LCL
LOT001578,MODEL_C,PRESS_01,Yield,0.0,85.0,,Below LCL
LOT001619,MODEL_A,PRESS_01,Yield,0.0,85.0,,Below LCL
LOT001637,MODEL_A,PRESS_01,Yield,0.0,85.0,,Below LCL
LOT001638,MODEL_B,PRESS_01,Yield,0.0,85.0,,Below LCL
LOT001646,MODEL_A,PRESS_03,Yield,0.0,85.0,,Below LCL
LOT001658,MODEL_C,PRESS_02,Yield,0.0,85.0,,Below LCL
LOT001664,MODEL_B,PRESS_01,Yield,0.0,85.0,,Below LCL
LOT001672,MODEL_B,PRESS_02,Yield,0.0,85.0,,Below LCL
LOT001674,MODEL_C,PRESS_02,Yield,0.0,85.0,,Below LCL
LOT001683,MODEL_A,PRESS_03,Yield,0.0,85.0,,Below LCL
LOT001685,MODEL_B,PRESS_02,Yield,0.0,85.0,,Below LCL
LOT001707,MODEL_C,PRESS_01,Yield,0.0,85.0,,Below LCL
LOT001710,MODEL_A,PRESS_02,Yield,0.0,85.0,,Below LCL
LOT001711,MODEL_B,PRESS_01,Yield,0.0,85.0,,Below LCL
LOT001735,MODEL_C,PRESS_01,Yield,0.0,85.0,,Below LCL
LOT001738,MODEL_A,PRESS_01,Yield,0.0,85.0,,Below LCL
LOT001742,MODEL_C,PRESS_03,Yield,0.0,85.0,,Below LCL
LOT001751,MODEL_C,PRESS_03,Yield,0.0,85.0,,Below LCL
LOT001776,MODEL_A,PRESS_03,Yield,0.0,85.0,,Below LCL
LOT001779,MODEL_A,PRESS_01,Yield,0.0,85.0,,Below LCL
LOT001784,MODEL_C,PRESS_03,Yield,0.0,85.0,,Below LCL
LOT001786,MODEL_A,PRESS_03,Yield,0.0,85.0,,Below LCL
LOT001794,MODEL_A,PRESS_01,Yield,0.0,85.0,,Below LCL
LOT001795,MODEL_B,PRESS_03,Yield,0.0,85.0,,Below LCL
LOT001797,MODEL_C,PRESS_01,Yield,0.0,85.0,,Below LCL
LOT001804,MODEL_A,PRESS_03,Yield,0.0,85.0,,Below LCL
LOT001815,MODEL_C,PRESS_02,Yield,0.0,85.0,,Below LCL
LOT001819,MODEL_A,PRESS_03,Yield,0.0,85.0,,Below LCL
LOT001826,MODEL_C,PRESS_02,Yield,0.0,85.0,,Below LCL
LOT001827,MODEL_A,PRESS_02,Yield,0.0,85.0,,Below LCL
LOT001829,MODEL_B,PRESS_02,Yield,0.0,85.0,,Below LCL
LOT001836,MODEL_A,PRESS_03,Yield,0.0,85.0,,Below LCL
LOT001837,MODEL_C,PRESS_03,Yield,0.0,85.0,,Below LCL
LOT001847,MODEL_B,PRESS_01,Yield,0.0,85.0,,Below LCL
LOT001850,MODEL_A,PRESS_01,Yield,0.0,85.0,,Below LCL
LOT001855,MODEL_A,PRESS_03,Yield,0.0,85.0,,Below LCL
LOT001863,MODEL_C,PRESS_01,Yield,0.0,85.0,,Below LCL
LOT001876,MODEL_A,PRESS_01,Yield,0.0,85.0,,Below LCL
LOT001880,MODEL_A,PRESS_02,Yield,0.0,85.0,,Below LCL
LOT001910,MODEL_C,PRESS_03,Yield,0.0,85.0,,Below LCL
LOT001922,MODEL_B,PRESS_02,Yield,0.0,85.0,,Below LCL
LOT001929,MODEL_A,PRESS_03,Yield,0.0,85.0,,Below LCL
LOT001935,MODEL_A,PRESS_02,Yield,0.0,85.0,,Below LCL
LOT001937,MODEL_B,PRESS_02,Yield,0.0,85.0,,Below LCL
LOT001938,MODEL_B,PRESS_01,Yield,0.0,85.0,,Below LCL
LOT001939,MODEL_C,PRESS_03,Yield,0.0,85.0,,Below LCL
LOT001940,MODEL_A,PRESS_03,Yield,0.0,85.0,,Below LCL
LOT001942,MODEL_A,PRESS_02,Yield,0.0,85.0,,Below LCL
LOT001945,MODEL_B,PRESS_03,Yield,0.0,85.0,,Below LCL
LOT001949,MODEL_A,PRESS_02,Yield,0.0,85.0,,Below LCL
LOT001959,MODEL_B,PRESS_01,Yield,0.0,85.0,,Below LCL
LOT001975,MODEL_B,PRESS_01,Yield,0.0,85.0,,Below LCL
LOT001992,MODEL_B,PRESS_03,Yield,0.0,85.0,,Below LCL
LOT001994,MODEL_B,PRESS_03,Yield,0.0,85.0,,Below LCL
LOT001998,MODEL_C,PRESS_02,Yield,0.0,85.0,,Below LCL
LOT002005,MODEL_C,PRESS_02,Yield,0.0,85.0,,Below LCL
LOT002010,MODEL_B,PRESS_03,Yield,0.0,85.0,,Below LCL
LOT002038,MODEL_A,PRESS_02,Yield,0.0,85.0,,Below LCL
LOT002040,MODEL_B,PRESS_03,Yield,0.0,85.0,,Below LCL
LOT002051,MODEL_A,PRESS_03,Yield,0.0,85.0,,Below LCL
LOT002061,MODEL_C,PRESS_02,Yield,0.0,85.0,,Below LCL
LOT002063,MODEL_A,PRESS_03,Yield,0.0,85.0,,Below LCL
LOT002068,MODEL_C,PRESS_01,Yield,0.0,85.0,,Below LCL
LOT002084,MODEL_C,PRESS_02,Yield,0.0,85.0,,Below LCL
LOT002093,MODEL_C,PRESS_02,Yield,0.0,85.0,,Below LCL
LOT002095,MODEL_A,PRESS_03,Yield,0.0,85.0,,Below LCL
LOT002097,MODEL_C,PRESS_01,Yield,0.0,85.0,,Below LCL
LOT002103,MODEL_A,PRESS_02,Yield,0.0,85.0,,Below LCL
LOT002116,MODEL_A,PRESS_03,Yield,0.0,85.0,,Below LCL
LOT002126,MODEL_A,PRESS_03,Yield,0.0,85.0,,Below LCL
LOT002154,MODEL_B,PRESS_03,Yield,0.0,85.0,,Below LCL
LOT002162,MODEL_A,PRESS_03,Yield,0.0,85.0,,Below LCL
LOT002166,MODEL_C,PRESS_02,Yield,0.0,85.0,,Below LCL
LOT002180,MODEL_B,PRESS_01,Yield,0.0,85.0,,Below LCL
LOT002184,MODEL_B,PRESS_01,Yield,0.0,85.0,,Below LCL
LOT002186,MODEL_A,PRESS_03,Yield,0.0,85.0,,Below LCL
LOT002189,MODEL_B,PRESS_01,Yield,0.0,85.0,,Below LCL
LOT002191,MODEL_B,PRESS_02,Yield,0.0,85.0,,Below LCL
LOT002197,MODEL_A,PRESS_01,Yield,0.0,85.0,,Below LCL
LOT002224,MODEL_B,PRESS_01,Yield,0.0,85.0,,Below LCL
LOT002225,MODEL_B,PRESS_02,Yield,0.0,85.0,,Below LCL
LOT002249,MODEL_A,PRESS_02,Yield,0.0,85.0,,Below LCL
LOT002253,MODEL_A,PRESS_03,Yield,0.0,85.0,,Below LCL
LOT002256,MODEL_C,PRESS_03,Yield,0.0,85.0,,Below LCL
LOT002261,MODEL_A,PRESS_01,Yield,0.0,85.0,,Below LCL
LOT002264,MODEL_B,PRESS_03,Yield,0.0,85.0,,Below LCL
LOT002272,MODEL_A,PRESS_01,Yield,0.0,85.0,,Below LCL
LOT002275,MODEL_A,PRESS_01,Yield,0.0,85.0,,Below LCL
LOT002282,MODEL_B,PRESS_01,Yield,0.0,85.0,,Below LCL
LOT002307,MODEL_A,PRESS_02,Yield,0.0,85.0,,Below LCL
LOT002311,MODEL_A,PRESS_03,Yield,0.0,85.0,,Below LCL
LOT002322,MODEL_A,PRESS_01,Yield,0.0,85.0,,Below LCL
LOT002338,MODEL_C,PRESS_02,Yield,0.0,85.0,,Below LCL
LOT002347,MODEL_A,PRESS_01,Yield,0.0,85.0,,Below LCL
LOT002364,MODEL_A,PRESS_01,Yield,0.0,85.0,,Below LCL
LOT002365,MODEL_C,PRESS_03,Yield,0.0,85.0,,Below LCL
LOT002372,MODEL_C,PRESS_01,Yield,0.0,85.0,,Below LCL
LOT002387,MODEL_C,PRESS_03,Yield,0.0,85.0,,Below LCL
LOT002391,MODEL_B,PRESS_03,Yield,0.0,85.0,,Below LCL
LOT002398,MODEL_A,PRESS_01,Yield,0.0,85.0,,Below LCL
LOT002399,MODEL_A,PRESS_01,Yield,0.0,85.0,,Below LCL
LOT002401,MODEL_A,PRESS_03,Yield,0.0,85.0,,Below LCL
LOT002419,MODEL_A,PRESS_03,Yield,0.0,85.0,,Below LCL
LOT002423,MODEL_A,PRESS_01,Yield,0.0,85.0,,Below LCL
LOT002431,MODEL_A,PRESS_03,Yield,0.0,85.0,,Below LCL
LOT002438,MODEL_C,PRESS_03,Yield,0.0,85.0,,Below LCL
LOT002440,MODEL_A,PRESS_02,Yield,0.0,85.0,,Below LCL
LOT002445,MODEL_B,PRESS_03,Yield,0.0,85.0,,Below LCL
LOT002464,MODEL_B,PRESS_03,Yield,0.0,85.0,,Below LCL
LOT002481,MODEL_B,PRESS_02,Yield,0.0,85.0,,Below LCL
LOT002487,MODEL_A,PRESS_03,Yield,0.0,85.0,,Below LCL
LOT002493,MODEL_C,PRESS_01,Yield,0.0,85.0,,Below LCL
LOT002503,MODEL_C,PRESS_03,Yield,0.0,85.0,,Below LCL
LOT002509,MODEL_B,PRESS_02,Yield,0.0,85.0,,Below LCL
LOT002518,MODEL_B,PRESS_03,Yield,0.0,85.0,,Below LCL
LOT002527,MODEL_B,PRESS_01,Yield,0.0,85.0,,Below LCL
LOT002538,MODEL_B,PRESS_02,Yield,0.0,85.0,,Below LCL
LOT002541,MODEL_A,PRESS_02,Yield,0.0,85.0,,Below LCL
LOT002546,MODEL_B,PRESS_03,Yield,0.0,85.0,,Below LCL
LOT002557,MODEL_C,PRESS_03,Yield,0.0,85.0,,Below LCL
LOT002562,MODEL_B,PRESS_01,Yield,0.0,85.0,,Below LCL
LOT002574,MODEL_B,PRESS_03,Yield,0.0,85.0,,Below LCL
LOT002586,MODEL_B,PRESS_01,Yield,0.0,85.0,,Below LCL
LOT002590,MODEL_B,PRESS_02,Yield,0.0,85.0,,Below LCL
LOT002594,MODEL_A,PRESS_02,Yield,0.0,85.0,,Below LCL
LOT002605,MODEL_C,PRESS_01,Yield,0.0,85.0,,Below LCL
LOT002613,MODEL_A,PRESS_02,Yield,0.0,85.0,,Below LCL
LOT002614,MODEL_B,PRESS_02,Yield,0.0,85.0,,Below LCL
LOT002616,MODEL_C,PRESS_02,Yield,0.0,85.0,,Below LCL
LOT002618,MODEL_A,PRESS_03,Yield,0.0,85.0,,Below LCL
LOT002620,MODEL_C,PRESS_03,Yield,0.0,85.0,,Below LCL
LOT002623,MODEL_A,PRESS_03,Yield,0.0,85.0,,Below LCL
LOT002624,MODEL_C,PRESS_01,Yield,0.0,85.0,,Below LCL
LOT002625,MODEL_C,PRESS_03,Yield,0.0,85.0,,Below LCL
LOT002631,MODEL_C,PRESS_01,Yield,0.0,85.0,,Below LCL
LOT002642,MODEL_B,PRESS_03,Yield,0.0,85.0,,Below LCL
LOT002644,MODEL_B,PRESS_02,Yield,0.0,85.0,,Below LCL
LOT002645,MODEL_B,PRESS_01,Yield,0.0,85.0,,Below LCL
LOT002648,MODEL_C,PRESS_01,Yield,0.0,85.0,,Below LCL
LOT002649,MODEL_C,PRESS_02,Yield,0.0,85.0,,Below LCL
LOT002654,MODEL_B,PRESS_01,Yield,0.0,85.0,,Below LCL
LOT002655,MODEL_C,PRESS_01,Yield,0.0,85.0,,Below LCL
LOT002658,MODEL_A,PRESS_03,Yield,0.0,85.0,,Below LCL
LOT002660,MODEL_A,PRESS_02,Yield,0.0,85.0,,Below LCL
LOT002678,MODEL_C,PRESS_03,Yield,0.0,85.0,,Below LCL
LOT002686,MODEL_B,PRESS_02,Yield,0.0,85.0,,Below LCL
LOT002692,MODEL_B,PRESS_02,Yield,0.0,85.0,,Below LCL
LOT002701,MODEL_C,PRESS_02,Yield,0.0,85.0,,Below LCL
LOT002705,MODEL_A,PRESS_03,Yield,0.0,85.0,,Below LCL
LOT002714,MODEL_B,PRESS_03,Yield,0.0,85.0,,Below LCL
LOT002721,MODEL_B,PRESS_01,Yield,0.0,85.0,,Below LCL
LOT002733,MODEL_C,PRESS_01,Yield,0.0,85.0,,Below LCL
LOT002736,MODEL_A,PRESS_01,Yield,0.0,85.0,,Below LCL
LOT002741,MODEL_A,PRESS_01,Yield,0.0,85.0,,Below LCL
LOT002746,MODEL_B,PRESS_01,Yield,0.0,85.0,,Below LCL
LOT002757,MODEL_C,PRESS_01,Yield,0.0,85.0,,Below LCL
LOT002761,MODEL_A,PRESS_02,Yield,0.0,85.0,,Below LCL
LOT002775,MODEL_B,PRESS_01,Yield,0.0,85.0,,Below LCL
LOT002777,MODEL_B,PRESS_03,Yield,0.0,85.0,,Below LCL
LOT002778,MODEL_C,PRESS_03,Yield,0.0,85.0,,Below LCL
LOT002797,MODEL_C,PRESS_03,Yield,0.0,85.0,,Below LCL
LOT002804,MODEL_A,PRESS_03,Yield,0.0,85.0,,Below LCL
LOT002806,MODEL_C,PRESS_03,Yield,0.0,85.0,,Below LCL
LOT002810,MODEL_A,PRESS_02,Yield,0.0,85.0,,Below LCL
LOT002811,MODEL_B,PRESS_02,Yield,0.0,85.0,,Below LCL
LOT002813,MODEL_A,PRESS_01,Yield,0.0,85.0,,Below LCL
LOT002832,MODEL_C,PRESS_01,Yield,0.0,85.0,,Below LCL
LOT002837,MODEL_C,PRESS_02,Yield,0.0,85.0,,Below LCL
LOT002842,MODEL_C,PRESS_01,Yield,0.0,85.0,,Below LCL
LOT002859,MODEL_C,PRESS_01,Yield,0.0,85.0,,Below LCL
LOT002862,MODEL_C,PRESS_02,Yield,0.0,85.0,,Below LCL
LOT002870,MODEL_A,PRESS_02,Yield,0.0,85.0,,Below LCL
LOT002873,MODEL_C,PRESS_02,Yield,0.0,85.0,,Below LCL
LOT002879,MODEL_C,PRESS_03,Yield,0.0,85.0,,Below LCL
LOT002884,MODEL_A,PRESS_01,Yield,0.0,85.0,,Below LCL
LOT002890,MODEL_A,PRESS_01,Yield,0.0,85.0,,Below LCL
LOT002898,MODEL_B,PRESS_03,Yield,0.0,85.0,,Below LCL
LOT002900,MODEL_A,PRESS_01,Yield,0.0,85.0,,Below LCL
LOT002906,MODEL_C,PRESS_03,Yield,0.0,85.0,,Below LCL
LOT002924,MODEL_B,PRESS_01,Yield,0.0,85.0,,Below LCL
LOT002937,MODEL_C,PRESS_01,Yield,0.0,85.0,,Below LCL
LOT002942,MODEL_C,PRESS_03,Yield,0.0,85.0,,Below LCL
LOT002946,MODEL_A,PRESS_02,Yield,0.0,85.0,,Below LCL
LOT002960,MODEL_B,PRESS_02,Yield,0.0,85.0,,Below LCL
LOT002964,MODEL_A,PRESS_02,Yield,0.0,85.0,,Below LCL
LOT002967,MODEL_A,PRESS_01,Yield,0.0,85.0,,Below LCL
LOT002976,MODEL_B,PRESS_02,Yield,0.0,85.0,,Below LCL
LOT002991,MODEL_B,PRESS_01,Yield,0.0,85.0,,Below LCL
LOT002995,MODEL_C,PRESS_03,Yield,0.0,85.0,,Below LCL
LOT002998,MODEL_B,PRESS_02,Yield,0.0,85.0,,Below LCL
LOT003009,MODEL_B,PRESS_01,Yield,0.0,85.0,,Below LCL
LOT003011,MODEL_B,PRESS_02,Yield,0.0,85.0,,Below LCL
LOT003018,MODEL_A,PRESS_01,Yield,0.0,85.0,,Below LCL
LOT003019,MODEL_B,PRESS_01,Yield,0.0,85.0,,Below LCL
LOT003022,MODEL_A,PRESS_01,Yield,0.0,85.0,,Below LCL
LOT003032,MODEL_A,PRESS_02,Yield,0.0,85.0,,Below LCL
LOT003033,MODEL_B,PRESS_02,Yield,0.0,85.0,,Below LCL
LOT003034,MODEL_A,PRESS_01,Yield,0.0,85.0,,Below LCL
LOT003039,MODEL_A,PRESS_01,Yield,0.0,85.0,,Below LCL
LOT003044,MODEL_B,PRESS_01,Yield,0.0,85.0,,Below LCL
LOT003050,MODEL_C,PRESS_03,Yield,0.0,85.0,,Below LCL
LOT003060,MODEL_A,PRESS_03,Yield,0.0,85.0,,Below LCL
LOT003065,MODEL_C,PRESS_03,Yield,0.0,85.0,,Below LCL
LOT003067,MODEL_C,PRESS_01,Yield,0.0,85.0,,Below LCL
LOT003071,MODEL_B,PRESS_01,Yield,0.0,85.0,,Below LCL
LOT003081,MODEL_B,PRESS_03,Yield,0.0,85.0,,Below LCL
LOT003086,MODEL_B,PRESS_01,Yield,0.0,85.0,,Below LCL
LOT003089,MODEL_A,PRESS_03,Yield,0.0,85.0,,Below LCL
LOT003093,MODEL_C,PRESS_02,Yield,0.0,85.0,,Below LCL
LOT003094,MODEL_A,PRESS_01,Yield,0.0,85.0,,Below LCL
LOT003095,MODEL_C,PRESS_02,Yield,0.0,85.0,,Below LCL
LOT003106,MODEL_A,PRESS_02,Yield,0.0,85.0,,Below LCL
LOT003127,MODEL_C,PRESS_02,Yield,0.0,85.0,,Below LCL
LOT003128,MODEL_C,PRESS_02,Yield,0.0,85.0,,Below LCL
LOT003129,MODEL_B,PRESS_01,Yield,0.0,85.0,,Below LCL
LOT003133,MODEL_C,PRESS_02,Yield,0.0,85.0,,Below LCL
LOT003134,MODEL_A,PRESS_01,Yield,0.0,85.0,,Below LCL
LOT003137,MODEL_B,PRESS_03,Yield,0.0,85.0,,Below LCL
LOT003138,MODEL_B,PRESS_03,Yield,0.0,85.0,,Below LCL
LOT003148,MODEL_C,PRESS_01,Yield,0.0,85.0,,Below LCL
LOT003159,MODEL_C,PRESS_03,Yield,0.0,85.0,,Below LCL
LOT003170,MODEL_B,PRESS_02,Yield,0.0,85.0,,Below LCL
LOT003173,MODEL_B,PRESS_01,Yield,0.0,85.0,,Below LCL
LOT003181,MODEL_A,PRESS_02,Yield,0.0,85.0,,Below LCL
LOT003191,MODEL_A,PRESS_01,Yield,0.0,85.0,,Below LCL
LOT003194,MODEL_A,PRESS_02,Yield,0.0,85.0,,Below LCL
LOT003202,MODEL_C,PRESS_01,Yield,0.0,85.0,,Below LCL
LOT003204,MODEL_A,PRESS_02,Yield,0.0,85.0,,Below LCL
LOT003217,MODEL_A,PRESS_02,Yield,0.0,85.0,,Below LCL
LOT003224,MODEL_C,PRESS_03,Yield,0.0,85.0,,Below LCL
LOT003227,MODEL_B,PRESS_02,Yield,0.0,85.0,,Below LCL
LOT003228,MODEL_B,PRESS_02,Yield,0.0,85.0,,Below LCL
LOT003235,MODEL_B,PRESS_02,Yield,0.0,85.0,,Below LCL
LOT003241,MODEL_A,PRESS_03,Yield,0.0,85.0,,Below LCL
LOT003244,MODEL_B,PRESS_03,Yield,0.0,85.0,,Below LCL
LOT003245,MODEL_C,PRESS_02,Yield,0.0,85.0,,Below LCL
LOT003251,MODEL_B,PRESS_02,Yield,0.0,85.0,,Below LCL
LOT003257,MODEL_A,PRESS_02,Yield,0.0,85.0,,Below LCL
LOT003262,MODEL_B,PRESS_03,Yield,0.0,85.0,,Below LCL
LOT003275,MODEL_A,PRESS_01,Yield,0.0,85.0,,Below LCL
LOT003289,MODEL_A,PRESS_02,Yield,0.0,85.0,,Below LCL
LOT003300,MODEL_C,PRESS_02,Yield,0.0,85.0,,Below LCL
LOT003301,MODEL_B,PRESS_03,Yield,0.0,85.0,,Below LCL
LOT003303,MODEL_B,PRESS_02,Yield,0.0,85.0,,Below LCL
LOT003306,MODEL_A,PRESS_02,Yield,0.0,85.0,,Below LCL
LOT003309,MODEL_A,PRESS_03,Yield,0.0,85.0,,Below LCL
LOT003312,MODEL_B,PRESS_01,Yield,0.0,85.0,,Below LCL
LOT003313,MODEL_C,PRESS_02,Yield,0.0,85.0,,Below LCL
LOT003314,MODEL_A,PRESS_03,Yield,0.0,85.0,,Below LCL
LOT003315,MODEL_B,PRESS_01,Yield,0.0,85.0,,Below LCL
LOT003317,MODEL_B,PRESS_03,Yield,0.0,85.0,,Below LCL
LOT003338,MODEL_A,PRESS_02,Yield,0.0,85.0,,Below LCL
LOT003340,MODEL_C,PRESS_02,Yield,0.0,85.0,,Below LCL
LOT003343,MODEL_A,PRESS_01,Yield,0.0,85.0,,Below LCL
LOT003361,MODEL_C,PRESS_01,Yield,0.0,85.0,,Below LCL
LOT003364,MODEL_C,PRESS_01,Yield,0.0,85.0,,Below LCL
LOT003375,MODEL_C,PRESS_03,Yield,0.0,85.0,,Below LCL
LOT003376,MODEL_B,PRESS_01,Yield,0.0,85.0,,Below LCL
LOT003380,MODEL_B,PRESS_02,Yield,0.0,85.0,,Below LCL
LOT003382,MODEL_C,PRESS_01,Yield,0.0,85.0,,Below LCL
LOT003389,MODEL_A,PRESS_03,Yield,0.0,85.0,,Below LCL
LOT003405,MODEL_B,PRESS_03,Yield,0.0,85.0,,Below LCL
LOT003407,MODEL_B,PRESS_01,Yield,0.0,85.0,,Below LCL
LOT003410,MODEL_B,PRESS_03,Yield,0.0,85.0,,Below LCL
LOT003411,MODEL_A,PRESS_03,Yield,0.0,85.0,,Below LCL
LOT003418,MODEL_C,PRESS_02,Yield,0.0,85.0,,Below LCL
LOT003422,MODEL_C,PRESS_03,Yield,0.0,85.0,,Below LCL
LOT003428,MODEL_C,PRESS_01,Yield,0.0,85.0,,Below LCL
LOT003430,MODEL_A,PRESS_02,Yield,0.0,85.0,,Below LCL
LOT003440,MODEL_C,PRESS_03,Yield,0.0,85.0,,Below LCL
LOT003441,MODEL_C,PRESS_02,Yield,0.0,85.0,,Below LCL
LOT003444,MODEL_A,PRESS_01,Yield,0.0,85.0,,Below LCL
LOT003446,MODEL_C,PRESS_02,Yield,0.0,85.0,,Below LCL
LOT003450,MODEL_B,PRESS_01,Yield,0.0,85.0,,Below LCL
LOT003469,MODEL_B,PRESS_03,Yield,0.0,85.0,,Below LCL
LOT003471,MODEL_A,PRESS_02,Yield,0.0,85.0,,Below LCL
LOT003478,MODEL_B,PRESS_02,Yield,0.0,85.0,,Below LCL
LOT003480,MODEL_C,PRESS_02,Yield,0.0,85.0,,Below LCL
LOT003481,MODEL_C,PRESS_02,Yield,0.0,85.0,,Below LCL
LOT003483,MODEL_C,PRESS_03,Yield,0.0,85.0,,Below LCL
LOT003505,MODEL_A,PRESS_01,Yield,0.0,85.0,,Below LCL
LOT003508,MODEL_C,PRESS_02,Yield,0.0,85.0,,Below LCL
LOT003517,MODEL_A,PRESS_02,Yield,0.0,85.0,,Below LCL
LOT003527,MODEL_A,PRESS_02,Yield,0.0,85.0,,Below LCL
LOT003531,MODEL_B,PRESS_03,Yield,0.0,85.0,,Below LCL
LOT003539,MODEL_B,PRESS_01,Yield,0.0,85.0,,Below LCL
LOT003541,MODEL_C,PRESS_02,Yield,0.0,85.0,,Below LCL
LOT003544,MODEL_C,PRESS_02,Yield,0.0,85.0,,Below LCL
LOT003547,MODEL_B,PRESS_03,Yield,0.0,85.0,,Below LCL
LOT003551,MODEL_B,PRESS_03,Yield,0.0,85.0,,Below LCL
LOT003555,MODEL_B,PRESS_03,Yield,0.0,85.0,,Below LCL
LOT003566,MODEL_A,PRESS_02,Yield,0.0,85.0,,Below LCL
LOT003567,MODEL_B,PRESS_03,Yield,0.0,85.0,,Below LCL
LOT003584,MODEL_A,PRESS_01,Yield,0.0,85.0,,Below LCL
LOT003589,MODEL_B,PRESS_02,Yield,0.0,85.0,,Below LCL
LOT003624,MODEL_B,PRESS_03,Yield,0.0,85.0,,Below LCL
LOT003642,MODEL_C,PRESS_03,Yield,0.0,85.0,,Below LCL
LOT003644,MODEL_B,PRESS_02,Yield,0.0,85.0,,Below LCL
LOT003659,MODEL_B,PRESS_01,Yield,0.0,85.0,,Below LCL
LOT003663,MODEL_C,PRESS_02,Yield,0.0,85.0,,Below LCL
LOT003675,MODEL_B,PRESS_03,Yield,0.0,85.0,,Below LCL
LOT003680,MODEL_C,PRESS_03,Yield,0.0,85.0,,Below LCL
LOT003685,MODEL_C,PRESS_03,Yield,0.0,85.0,,Below LCL
LOT003686,MODEL_A,PRESS_02,Yield,0.0,85.0,,Below LCL
LOT003688,MODEL_C,PRESS_01,Yield,0.0,85.0,,Below LCL
LOT003690,MODEL_A,PRESS_03,Yield,0.0,85.0,,Below LCL
LOT003702,MODEL_A,PRESS_01,Yield,0.0,85.0,,Below LCL
LOT003704,MODEL_C,PRESS_01,Yield,0.0,85.0,,Below LCL
LOT003711,MODEL_B,PRESS_01,Yield,0.0,85.0,,Below LCL
LOT003713,MODEL_C,PRESS_03,Yield,0.0,85.0,,Below LCL
LOT003732,MODEL_C,PRESS_01,Yield,0.0,85.0,,Below LCL
LOT003735,MODEL_A,PRESS_03,Yield,0.0,85.0,,Below LCL
LOT003744,MODEL_B,PRESS_01,Yield,0.0,85.0,,Below LCL
LOT003748,MODEL_C,PRESS_01,Yield,0.0,85.0,,Below LCL
LOT003757,MODEL_B,PRESS_03,Yield,0.0,85.0,,Below LCL
LOT003765,MODEL_B,PRESS_01,Yield,0.0,85.0,,Below LCL
LOT003774,MODEL_A,PRESS_01,Yield,0.0,85.0,,Below LCL
LOT003779,MODEL_C,PRESS_01,Yield,0.0,85.0,,Below LCL
LOT003781,MODEL_A,PRESS_02,Yield,0.0,85.0,,Below LCL
LOT003782,MODEL_A,PRESS_01,Yield,0.0,85.0,,Below LCL
LOT003787,MODEL_A,PRESS_01,Yield,0.0,85.0,,Below LCL
LOT003790,MODEL_A,PRESS_02,Yield,0.0,85.0,,Below LCL
LOT003791,MODEL_A,PRESS_02,Yield,0.0,85.0,,Below LCL
LOT003792,MODEL_A,PRESS_02,Yield,0.0,85.0,,Below LCL
LOT003798,MODEL_A,PRESS_01,Yield,0.0,85.0,,Below LCL
LOT003803,MODEL_C,PRESS_03,Yield,0.0,85.0,,Below LCL
LOT003805,MODEL_A,PRESS_02,Yield,0.0,85.0,,Below LCL
LOT003816,MODEL_A,PRESS_02,Yield,0.0,85.0,,Below LCL
LOT003817,MODEL_B,PRESS_02,Yield,0.0,85.0,,Below LCL
LOT003839,MODEL_C,PRESS_03,Yield,0.0,85.0,,Below LCL
LOT003858,MODEL_A,PRESS_01,Yield,0.0,85.0,,Below LCL
LOT003860,MODEL_B,PRESS_01,Yield,0.0,85.0,,Below LCL
LOT003861,MODEL_B,PRESS_03,Yield,0.0,85.0,,Below LCL
LOT003904,MODEL_A,PRESS_03,Yield,0.0,85.0,,Below LCL
LOT003907,MODEL_C,PRESS_03,Yield,0.0,85.0,,Below LCL
LOT003908,MODEL_C,PRESS_02,Yield,0.0,85.0,,Below LCL
LOT003912,MODEL_C,PRESS_02,Yield,0.0,85.0,,Below LCL
LOT003930,MODEL_C,PRESS_01,Yield,0.0,85.0,,Below LCL
LOT003932,MODEL_A,PRESS_01,Yield,0.0,85.0,,Below LCL
LOT003941,MODEL_B,PRESS_01,Yield,0.0,85.0,,Below LCL
LOT003967,MODEL_C,PRESS_03,Yield,0.0,85.0,,Below LCL
LOT003981,MODEL_B,PRESS_03,Yield,0.0,85.0,,Below LCL
LOT004000,MODEL_B,PRESS_03,Yield,0.0,85.0,,Below LCL
LOT004001,MODEL_A,PRESS_02,Yield,0.0,85.0,,Below LCL
LOT004003,MODEL_A,PRESS_03,Yield,0.0,85.0,,Below LCL
LOT004009,MODEL_A,PRESS_01,Yield,0.0,85.0,,Below LCL
LOT004019,MODEL_A,PRESS_01,Yield,0.0,85.0,,Below LCL
LOT004041,MODEL_A,PRESS_03,Yield,0.0,85.0,,Below LCL
LOT004054,MODEL_C,PRESS_03,Yield,0.0,85.0,,Below LCL
LOT004066,MODEL_B,PRESS_02,Yield,0.0,85.0,,Below LCL
LOT004070,MODEL_A,PRESS_02,Yield,0.0,85.0,,Below LCL
LOT004078,MODEL_B,PRESS_01,Yield,0.0,85.0,,Below LCL
LOT004082,MODEL_A,PRESS_01,Yield,0.0,85.0,,Below LCL
LOT004093,MODEL_B,PRESS_03,Yield,0.0,85.0,,Below LCL
LOT004098,MODEL_A,PRESS_03,Yield,0.0,85.0,,Below LCL
LOT004107,MODEL_A,PRESS_02,Yield,0.0,85.0,,Below LCL
LOT004109,MODEL_B,PRESS_02,Yield,0.0,85.0,,Below LCL
LOT004112,MODEL_B,PRESS_03,Yield,0.0,85.0,,Below LCL
LOT004114,MODEL_C,PRESS_03,Yield,0.0,85.0,,Below LCL
LOT004115,MODEL_A,PRESS_02,Yield,0.0,85.0,,Below LCL
LOT004123,MODEL_C,PRESS_03,Yield,0.0,85.0,,Below LCL
LOT004124,MODEL_A,PRESS_01,Yield,0.0,85.0,,Below LCL
LOT004128,MODEL_A,PRESS_03,Yield,0.0,85.0,,Below LCL
LOT004135,MODEL_C,PRESS_01,Yield,0.0,85.0,,Below LCL
LOT004137,MODEL_C,PRESS_02,Yield,0.0,85.0,,Below LCL
LOT004140,MODEL_B,PRESS_02,Yield,0.0,85.0,,Below LCL
LOT004155,MODEL_A,PRESS_03,Yield,0.0,85.0,,Below LCL
LOT004158,MODEL_A,PRESS_02,Yield,0.0,85.0,,Below LCL
LOT004174,MODEL_B,PRESS_02,Yield,0.0,85.0,,Below LCL
LOT004177,MODEL_A,PRESS_01,Yield,0.0,85.0,,Below LCL
LOT004186,MODEL_B,PRESS_03,Yield,0.0,85.0,,Below LCL
LOT004190,MODEL_C,PRESS_01,Yield,0.0,85.0,,Below LCL
LOT004200,MODEL_A,PRESS_02,Yield,0.0,85.0,,Below LCL
LOT004202,MODEL_C,PRESS_02,Yield,0.0,85.0,,Below LCL
LOT004204,MODEL_A,PRESS_03,Yield,0.0,85.0,,Below LCL
LOT004209,MODEL_A,PRESS_02,Yield,0.0,85.0,,Below LCL
LOT004215,MODEL_C,PRESS_03,Yield,0.0,85.0,,Below LCL
LOT004217,MODEL_B,PRESS_03,Yield,0.0,85.0,,Below LCL
LOT004218,MODEL_B,PRESS_01,Yield,0.0,85.0,,Below LCL
LOT004224,MODEL_B,PRESS_01,Yield,0.0,85.0,,Below LCL
LOT004225,MODEL_C,PRESS_01,Yield,0.0,85.0,,Below LCL
LOT004229,MODEL_B,PRESS_03,Yield,0.0,85.0,,Below LCL
LOT004235,MODEL_A,PRESS_02,Yield,0.0,85.0,,Below LCL
LOT004239,MODEL_C,PRESS_02,Yield,0.0,85.0,,Below LCL
LOT004289,MODEL_C,PRESS_02,Yield,0.0,85.0,,Below LCL
LOT004293,MODEL_B,PRESS_03,Yield,0.0,85.0,,Below LCL
LOT004295,MODEL_C,PRESS_01,Yield,0.0,85.0,,Below LCL
LOT004296,MODEL_C,PRESS_01,Yield,0.0,85.0,,Below LCL
LOT004311,MODEL_B,PRESS_03,Yield,0.0,85.0,,Below LCL
LOT004314,MODEL_A,PRESS_03,Yield,0.0,85.0,,Below LCL
LOT004315,MODEL_C,PRESS_01,Yield,0.0,85.0,,Below LCL
LOT004322,MODEL_B,PRESS_03,Yield,0.0,85.0,,Below LCL
LOT004327,MODEL_C,PRESS_01,Yield,0.0,85.0,,Below LCL
LOT004336,MODEL_B,PRESS_02,Yield,0.0,85.0,,Below LCL
LOT004338,MODEL_A,PRESS_03,Yield,0.0,85.0,,Below LCL
LOT004344,MODEL_A,PRESS_01,Yield,0.0,85.0,,Below LCL
LOT004360,MODEL_C,PRESS_03,Yield,0.0,85.0,,Below LCL
LOT004380,MODEL_C,PRESS_03,Yield,0.0,85.0,,Below LCL
LOT004390,MODEL_B,PRESS_02,Yield,0.0,85.0,,Below LCL
LOT004393,MODEL_A,PRESS_02,Yield,0.0,85.0,,Below LCL
LOT004405,MODEL_A,PRESS_03,Yield,0.0,85.0,,Below LCL
LOT004408,MODEL_A,PRESS_02,Yield,0.0,85.0,,Below LCL
LOT004427,MODEL_A,PRESS_02,Yield,0.0,85.0,,Below LCL
LOT004432,MODEL_A,PRESS_01,Yield,0.0,85.0,,Below LCL
LOT004434,MODEL_A,PRESS_02,Yield,0.0,85.0,,Below LCL
LOT004457,MODEL_B,PRESS_01,Yield,0.0,85.0,,Below LCL
LOT004459,MODEL_A,PRESS_03,Yield,0.0,85.0,,Below LCL
LOT004466,MODEL_A,PRESS_02,Yield,0.0,85.0,,Below LCL
LOT004481,MODEL_B,PRESS_02,Yield,0.0,85.0,,Below LCL
LOT004486,MODEL_B,PRESS_03,Yield,0.0,85.0,,Below LCL
LOT004498,MODEL_B,PRESS_03,Yield,0.0,85.0,,Below LCL
LOT004499,MODEL_A,PRESS_03,Yield,0.0,85.0,,Below LCL
LOT004512,MODEL_B,PRESS_02,Yield,0.0,85.0,,Below LCL
LOT004521,MODEL_C,PRESS_01,Yield,0.0,85.0,,Below LCL
LOT004522,MODEL_C,PRESS_02,Yield,0.0,85.0,,Below LCL
LOT004526,MODEL_B,PRESS_03,Yield,0.0,85.0,,Below LCL
LOT004529,MODEL_B,PRESS_01,Yield,0.0,85.0,,Below LCL
LOT004539,MODEL_C,PRESS_02,Yield,0.0,85.0,,Below LCL
LOT004540,MODEL_C,PRESS_03,Yield,0.0,85.0,,Below LCL
LOT004556,MODEL_A,PRESS_01,Yield,0.0,85.0,,Below LCL
LOT004560,MODEL_B,PRESS_02,Yield,0.0,85.0,,Below LCL
LOT004568,MODEL_C,PRESS_02,Yield,0.0,85.0,,Below LCL
LOT004589,MODEL_B,PRESS_02,Yield,0.0,85.0,,Below LCL
LOT004596,MODEL_A,PRESS_02,Yield,0.0,85.0,,Below LCL
LOT004608,MODEL_B,PRESS_02,Yield,0.0,85.0,,Below LCL
LOT004616,MODEL_B,PRESS_02,Yield,0.0,85.0,,Below LCL
LOT004618,MODEL_B,PRESS_02,Yield,0.0,85.0,,Below LCL
LOT004628,MODEL_A,PRESS_03,Yield,0.0,85.0,,Below LCL
LOT004639,MODEL_B,PRESS_03,Yield,0.0,85.0,,Below LCL
LOT004656,MODEL_A,PRESS_02,Yield,0.0,85.0,,Below LCL
LOT004679,MODEL_B,PRESS_03,Yield,0.0,85.0,,Below LCL
LOT004691,MODEL_A,PRESS_01,Yield,0.0,85.0,,Below LCL
LOT004700,MODEL_A,PRESS_03,Yield,0.0,85.0,,Below LCL
LOT004719,MODEL_B,PRESS_02,Yield,0.0,85.0,,Below LCL
LOT004721,MODEL_B,PRESS_03,Yield,0.0,85.0,,Below LCL
LOT004722,MODEL_C,PRESS_02,Yield,0.0,85.0,,Below LCL
LOT004744,MODEL_A,PRESS_01,Yield,0.0,85.0,,Below LCL
LOT004745,MODEL_C,PRESS_02,Yield,0.0,85.0,,Below LCL
LOT004752,MODEL_A,PRESS_02,Yield,0.0,85.0,,Below LCL
LOT004755,MODEL_A,PRESS_02,Yield,0.0,85.0,,Below LCL
LOT004757,MODEL_B,PRESS_01,Yield,0.0,85.0,,Below LCL
LOT004778,MODEL_C,PRESS_02,Yield,0.0,85.0,,Below LCL
LOT004788,MODEL_A,PRESS_01,Yield,0.0,85.0,,Below LCL
LOT004789,MODEL_A,PRESS_03,Yield,0.0,85.0,,Below LCL
LOT004799,MODEL_B,PRESS_03,Yield,0.0,85.0,,Below LCL
LOT004818,MODEL_A,PRESS_03,Yield,0.0,85.0,,Below LCL
LOT004824,MODEL_C,PRESS_02,Yield,0.0,85.0,,Below LCL
LOT004829,MODEL_C,PRESS_03,Yield,0.0,85.0,,Below LCL
LOT004834,MODEL_A,PRESS_03,Yield,0.0,85.0,,Below LCL
LOT004839,MODEL_C,PRESS_01,Yield,0.0,85.0,,Below LCL
LOT004841,MODEL_C,PRESS_03,Yield,0.0,85.0,,Below LCL
LOT004844,MODEL_A,PRESS_01,Yield,0.0,85.0,,Below LCL
LOT004855,MODEL_A,PRESS_02,Yield,0.0,85.0,,Below LCL
LOT004877,MODEL_B,PRESS_03,Yield,0.0,85.0,,Below LCL
LOT004880,MODEL_C,PRESS_01,Yield,0.0,85.0,,Below LCL
LOT004891,MODEL_C,PRESS_02,Yield,0.0,85.0,,Below LCL
LOT004914,MODEL_B,PRESS_03,Yield,0.0,85.0,,Below LCL
LOT004919,MODEL_C,PRESS_03,Yield,0.0,85.0,,Below LCL
LOT004923,MODEL_B,PRESS_03,Yield,0.0,85.0,,Below LCL
LOT004930,MODEL_A,PRESS_01,Yield,0.0,85.0,,Below LCL
LOT004943,MODEL_C,PRESS_03,Yield,0.0,85.0,,Below LCL
LOT004957,MODEL_A,PRESS_03,Yield,0.0,85.0,,Below LCL
LOT004965,MODEL_C,PRESS_02,Yield,0.0,85.0,,Below LCL
LOT004972,MODEL_B,PRESS_01,Yield,0.0,85.0,,Below LCL
LOT004973,MODEL_C,PRESS_02,Yield,0.0,85.0,,Below LCL
LOT004976,MODEL_C,PRESS_01,Yield,0.0,85.0,,Below LCL
LOT004980,MODEL_B,PRESS_01,Yield,0.0,85.0,,Below LCL
LOT004985,MODEL_A,PRESS_01,Yield,0.0,85.0,,Below LCL
LOT004997,MODEL_C,PRESS_03,Yield,0.0,85.0,,Below LCL
LOT004999,MODEL_C,PRESS_02,Yield,0.0,85.0,,Below LCL
